{
  "cam1": {
    "duration": 13,
    "controlPoints": [
      {
        "position": {
          "x": 26.20195086405928,
          "y": 1.2882601419061126,
          "z": -5.384399724254923
        },
        "rotation": {
          "x": 3.131169184816423,
          "y": 0.009847744990776675,
          "z": -3.1414900038692286
        }
      },
      {
        "position": {
          "x": 26.195920151332086,
          "y": 1.2946174687011964,
          "z": -4.776096337355155
        },
        "rotation": {
          "x": 3.130999999999936,
          "y": 0.01000000000055158,
          "z": -3.1414867248578022
        }
      }
    ]
  },
  "cam2": {
    "duration": 18,
    "controlPoints": [
      {
        "position": {
          "x": 23.448721839924062,
          "y": 0.3384150267353607,
          "z": -1.1949866079065419
        },
        "rotation": {
          "x": 0.3746904509775544,
          "y": -0.6738645040629516,
          "z": 0.2406483821799344
        }
      },
      {
        "position": {
          "x": 24.745059896077706,
          "y": 0.403048262548446,
          "z": -1.2648680911832773
        },
        "rotation": {
          "x": 0.27406996499821107,
          "y": -0.9960517810749947,
          "z": 0.2317344135259219
        }
      }
    ]
  },
  "cam3": {
    "duration": 15,
    "controlPoints": [
      {
        "position": {
          "x": 28.96689645320787,
          "y": 2.064153939465766,
          "z": -5.221081832590724
        },
        "rotation": {
          "x": -2.7014417812715426,
          "y": 1.1761500213872307,
          "z": 2.7314817936188085
        }
      },
      {
        "position": {
          "x": 29.02706796430244,
          "y": 1.6675090313041185,
          "z": -5.248302638186588
        },
        "rotation": {
          "x": -2.9646732999743977,
          "y": 0.8547554122520025,
          "z": 3.0075217671901875
        }
      }
    ]
  }
}