{
  "cam1": {
    "duration": 14,
    "controlPoints": [
      {
        "position": {
          "x": 16.51,
          "y": 1.32,
          "z": -6.766
        },
        "rotation": {
          "x": 1.565,
          "y": -1.54,
          "z": 1.565
        }
      },
      {
        "position": {
          "x": 17.212,
          "y": 1.342,
          "z": -6.766
        },
        "rotation": {
          "x": 1.565,
          "y": -1.54,
          "z": 1.565
        }
      }
    ]
  },
  "cam2": {
    "duration": 12,
    "controlPoints": [
      {
        "position": {
          "x": 22.13643938950703,
          "y": 0.5900875597462253,
          "z": -6.119971032441227
        },
        "rotation": {
          "x": 0.5734381847789665,
          "y": -0.9860174684666312,
          "z": 0.4939829223717214
        }
      },
      {
        "position": {
          "x": 22.640146547786653,
          "y": 0.5812975236129648,
          "z": -6.1499341629677
        },
        "rotation": {
          "x": 0.6393640909848967,
          "y": -1.1602398193556178,
          "z": 0.5983829437089646
        }
      }
    ]
  },
  "cam3": {
    "duration": 15,
    "controlPoints": [
      {
        "position": {
          "x": 23.636,
          "y": 0.574,
          "z": -6.189
        },
        "rotation": {
          "x": 0.749,
          "y": 1.266,
          "z": -0.726
        }
      },
      {
        "position": {
          "x": 23.775,
          "y": 0.574,
          "z": -7.042
        },
        "rotation": {
          "x": 1.729,
          "y": 1.362,
          "z": -1.732
        }
      }
    ]
  }
}