{
  "cam1": {
    "duration": "18",
    "controlPoints": [
      {
        "position": {
          "x": 30.17907087843923,
          "y": 1.5608671791909208,
          "z": -14.375471599005968
        },
        "rotation": {
          "x": -3.12197543419715,
          "y": 1.4825127582302486,
          "z": 3.122051813263229
        }
      },
      {
        "position": {
          "x": 20.793438156594036,
          "y": 1.4577162837822324,
          "z": -13.51154624228713
        },
        "rotation": {
          "x": 2.008862293441167,
          "y": 1.3650631103441921,
          "z": -2.0171054978031586
        }
      }
    ]
  },
  "cam2": {
    "duration": "14",
    "controlPoints": [
      {
        "position": {
          "x": 34.856223769793566,
          "y": 1.2619459451260022,
          "z": -17.231721779571686
        },
        "rotation": {
          "x": 2.9250639224033517,
          "y": -1.2134121307046641,
          "z": 2.9383596242604106
        }
      },
      {
        "position": {
          "x": 36.38769169654172,
          "y": 1.356122667582968,
          "z": -16.67269777661645
        },
        "rotation": {
          "x": -3.0663506768746682,
          "y": -1.2197723561104241,
          "z": -3.070923096033749
        }
      }
    ]
  }
}