{
  "cam1": {
    "duration": 16,
    "controlPoints": [
      {
        "position": {
          "x": 17.204900470735236,
          "y": 0.7425789149335607,
          "z": -8.855868210942658
        },
        "rotation": {
          "x": 0.40972392557475074,
          "y": -1.2106616189203083,
          "z": 0.38604763290996286
        }
      },
      {
        "position": {
          "x": 17.65988071680058,
          "y": 0.811207092011723,
          "z": -9.012930959604239
        },
        "rotation": {
          "x": 0.4099999999995683,
          "y": -1.2109999999993808,
          "z": 0.3863556438870912
        }
      }
    ]
  },
  "cam2": {
    "duration": 11,
    "controlPoints": [
      {
        "position": {
          "x": 21.666854413875388,
          "y": 0.6512359651089153,
          "z": -11.047623722080974
        },
        "rotation": {
          "x": 2.940182100381957,
          "y": 0.8509196206709043,
          "z": -2.9892624238789227
        }
      },
      {
        "position": {
          "x": 22.06583687053728,
          "y": 0.611280508496353,
          "z": -11.040019630887334
        },
        "rotation": {
          "x": 2.787852916605895,
          "y": 0.7556992372704221,
          "z": -2.8935611402575647
        }
      }
    ]
  },
  "cam3": {
    "duration": 14,
    "controlPoints": [
      {
        "position": {
          "x": 23.472025190004445,
          "y": 1.2338376549498937,
          "z": -8.212514166376826
        },
        "rotation": {
          "x": 0.02914492548615422,
          "y": 0.5655633378381401,
          "z": -0.01562167129948609
        }
      },
      {
        "position": {
          "x": 23.475,
          "y": 1.468,
          "z": -8.208
        },
        "rotation": {
          "x": 0.041000000000012624,
          "y": 0.7559999999999704,
          "z": -0.028135025360067675
        }
      }
    ]
  }
}